no,value
1,0.187664581
2,0.990953745
3,0.118956679
4,0.35840473
5,0.21410743
6,0.345695948
7,0.139612285
8,0.433019682
9,0.154398537
10,0.297685001
11,0.886260964
12,0.842931653
13,0.366927302
14,0.232364711
15,0.669027274
16,0.150641494
17,0.636463623
18,0.698708814
19,0.132252636
20,0.521611777
21,0.656273134
22,0.15816011
