no,value
1,0.187664581
2,0.990953745
3,0.118956679
4,0.35840473
